parent_poi_id,site_name,accepted,review,rejected,web_source_count,verification_status,priority_score
ZTRIP_SH_004,外滩,3,173,1,1,source_registered,180
B00156DYI3,上海辰山植物园,14,53,0,1,source_registered,81
B001558F5I,上海朱家角古镇旅游区,24,27,1,2,source_registered,76
B00154DWH8,上海植物园,20,26,0,1,source_registered,66
B00152F15F,上海野生动物园,17,31,0,1,source_registered,65
B0015397C9,上海动物园,16,15,0,1,source_registered,47
B0FFGYMCF9,上海迪士尼度假区,8,30,0,1,source_registered,46
ZTRIP_SH_005,豫园,4,12,13,1,source_registered,33
B0FFIFP90V,上海博物馆东馆,0,18,0,2,source_registered,18
B00157G053,中山公园,6,13,0,0,source_needed,25
B00150F6D6,东方明珠广播电视塔,2,10,1,0,source_needed,15
B00155IWT7,上海佘山国家森林公园,3,5,3,0,source_needed,14
B00155FHMD,上海滨江森林公园,7,0,0,0,source_needed,14
B001533722,滨江大道,1,11,0,0,source_needed,13
B00154SLJR,七宝教寺,5,0,0,0,source_needed,10
B0FFGFB0FD,七宝老街,4,0,0,0,source_needed,8
B00150744F,上海影视乐园,4,0,0,0,source_needed,8
B00156D593,小普陀寺,3,2,0,0,source_needed,8
B0FFG8C3Q7,上海之鱼,3,1,0,0,source_needed,7
B001556VY1,枫泾古镇,3,1,0,0,source_needed,7
B00155Q88P,菩提禅寺,3,1,0,0,source_needed,7
B0FFH18766,上海大宁公园,3,0,0,0,source_needed,6
B00155FF41,上海淞沪抗战纪念公园,3,0,0,0,source_needed,6
B00155IPXY,东方绿舟,3,0,0,0,source_needed,6
B00155L7QF,七宝古镇,2,1,0,0,source_needed,5
B00154DUI6,上海世纪公园,2,1,0,0,source_needed,5
B0FFH6RLXF,上海月湖雕塑公园,2,1,0,0,source_needed,5
B00155KS2F,上海汽车博览公园,1,3,0,0,source_needed,5
B00156NVZG,上海自然博物馆,0,5,0,0,source_needed,5
B00155KTVH,复兴公园,2,1,0,0,source_needed,5
B00153099F,思贤公园,2,1,0,0,source_needed,5
B0I1Y56U0T,招商花园城,0,3,2,0,source_needed,5
B0FFJRX008,海湾旅游区,0,5,0,0,source_needed,5
B00155KI8E,音乐广场,0,5,0,0,source_needed,5
B00155LYLB,上海海湾国家森林公园,2,0,0,0,source_needed,4
B00155G3HG,上海鲜花港,2,0,0,0,source_needed,4
B0FFKTGH5N,世博文化公园,2,0,0,0,source_needed,4
B00154DIBB,天山公园,2,0,0,0,source_needed,4
B0KB7MHPEO,小普陀寺洛迦山,2,0,0,0,source_needed,4
B00155LZNL,新场古镇,2,0,0,0,source_needed,4
B0FFF65Z6M,日月光中心(宝山店),0,4,0,0,source_needed,4
B0FFHMR0PZ,沔青公园,2,0,0,0,source_needed,4
B001537817,瀛洲公园,2,0,0,0,source_needed,4
B0FFGGW9UV,矿坑花园,0,4,0,0,source_needed,4
B001556OB7,碧云净院,2,0,0,0,source_needed,4
B00156GN39,老白渡滨江绿地,2,0,0,0,source_needed,4
B00155G2UQ,西岸自然艺术公园,2,0,0,0,source_needed,4
B001559IL3,高东公园,2,0,0,0,source_needed,4
B00155DBC0,三元宫坤道院,0,3,0,0,source_needed,3
B0015211C2,上海共青森林公园,1,1,0,0,source_needed,3
B00155KUM0,上海新天地,0,3,0,0,source_needed,3
B0FFGE2F10,上海浦江郊野公园,1,1,0,0,source_needed,3
B0FFG954E8,上海海昌海洋公园,1,1,0,0,source_needed,3
B0GR66UUOU,上海蟠龙新天地,0,3,0,0,source_needed,3
B00156ECI5,上海财神庙,1,1,0,0,source_needed,3
B00155KZKW,上海鲁迅公园,1,1,0,0,source_needed,3
B001509B96,西林禅寺,1,1,0,0,source_needed,3
B00155R3U3,西沙明珠湖景区,1,1,0,0,source_needed,3
B0J2UH137K,陆家嘴水环,0,3,0,0,source_needed,3
B00156CLWX,上海东滩湿地公园,1,0,0,0,source_needed,2
B00156GEHX,上海人文纪念公园,1,0,0,0,source_needed,2
B00152289C,上海大观园,1,0,0,0,source_needed,2
B0FFF0JR9H,上海广富林文化遗址,0,2,0,0,source_needed,2
B0G3OUAOVF,上海淞沪抗战纪念馆,1,0,0,0,source_needed,2
B00155KFXH,上海犹太难民纪念馆,1,0,0,0,source_needed,2
B00155KPTS,上海申隆生态园,1,0,0,0,source_needed,2
B00151CDD0,上海醉白池公园,1,0,0,0,source_needed,2
B0FFGCTMQF,上海长兴岛郊野公园,0,2,0,0,source_needed,2
B00155FHN3,上海长风海洋世界,1,0,0,0,source_needed,2
B0MGOCVX94,中国共产党第一次全国代表大会纪念馆,1,0,0,0,source_needed,2
B001577IAR,九亭文化广场,1,0,0,0,source_needed,2
B00155IOKX,书院人家,1,0,0,0,source_needed,2
B0FFFGQ0HS,亩中山水园,1,0,0,0,source_needed,2
B00155KKQJ,人民公园,1,0,0,0,source_needed,2
B00155QN22,休闲广场,0,1,1,0,source_needed,2
B0FFG0ZN57,儿童公园,1,0,0,0,source_needed,2
B0FFHC9R74,前卫生态村,1,0,0,0,source_needed,2
B0FFGZR766,北蔡消防主题公园,1,0,0,0,source_needed,2
B0FFGXKK7E,北郊公园,1,0,0,0,source_needed,2
B0H1SUJKH4,半马苏河公园,1,0,0,0,source_needed,2
B0G0PUF0DI,南汇新城星空之境海绵公园,0,2,0,0,source_needed,2
B0FFILJJDN,南汇新城春花秋色公园,1,0,0,0,source_needed,2
B00155LZBN,南翔古镇,1,0,0,0,source_needed,2
B00155QGG9,南门景观大堤,1,0,0,0,source_needed,2
B0IKJC7KOC,启动林公园,1,0,0,0,source_needed,2
B0FFGD82MA,嘉北郊野公园,1,0,0,0,source_needed,2
B0FFFE4SY1,嘉定州桥景区,0,2,0,0,source_needed,2
B00155L2QO,四平科技公园,1,0,0,0,source_needed,2
B00156YKYG,圆津禅院,1,0,0,0,source_needed,2
B00155KCC9,复旦大学博物馆,1,0,0,0,source_needed,2
B00155L3HB,天原公园,1,0,0,0,source_needed,2
B0FFLI93PE,宝山花园城,0,2,0,0,source_needed,2
B0FFGYRICS,崇明区三佛讲寺,1,0,0,0,source_needed,2
B00155G075,川沙公园,1,0,0,0,source_needed,2
B0FFF9E7QI,平安广场,1,0,0,0,source_needed,2
B001519846,延虹绿地,1,0,0,0,source_needed,2
B00156E2YG,月浦公园,1,0,0,0,source_needed,2
B00155L2WJ,杨浦公园,1,0,0,0,source_needed,2
B0FFFF0QNL,槎浦公园,1,0,0,0,source_needed,2
B00155L7QH,汇龙潭公园,1,0,0,0,source_needed,2
B00155KIQQ,济阳公园,1,0,0,0,source_needed,2
B0FFKMT7T6,浦江第一湾公园,1,0,0,0,source_needed,2
B00156GT3G,海天湖公园,1,0,0,0,source_needed,2
B00155QNYS,滨海公园,1,0,0,0,source_needed,2
B00156R4YE,生态公园,1,0,0,0,source_needed,2
B00154D7AX,福泉古寺,1,0,0,0,source_needed,2
B0FFKD9GDX,米市渡松南郊野公园,1,0,0,0,source_needed,2
B0FFGE3UT8,练塘古镇,0,2,0,0,source_needed,2
B00156GL01,罗泾公园(北区),1,0,0,0,source_needed,2
B001546A5F,诸翟公园,1,0,0,0,source_needed,2
B00157GNWF,诸翟关帝庙,0,2,0,0,source_needed,2
B0FFGLM9BO,赵巷公园,1,0,0,0,source_needed,2
B0FFG8TU6G,车墩人口文化广场,1,0,0,0,source_needed,2
B0FFKH3AK6,郊野公园,0,0,2,0,source_needed,2
B00155D6FY,金山城市沙滩,1,0,0,0,source_needed,2
B00154DWCM,闸北公园,1,0,0,0,source_needed,2
B00154EXYV,陈云纪念馆,1,0,0,0,source_needed,2
B0LB7K2UTG,青西郊野公园,1,0,0,0,source_needed,2
B00156EOP9,高东生态园,1,0,0,0,source_needed,2
B00155L4CK,七宝镇步行街,0,1,0,0,source_needed,1
B00155G0CP,上海东方地质科普馆,0,1,0,0,source_needed,1
B0FFLBV39M,上海之鱼泡泡公园,0,1,0,0,source_needed,1
B00156EP9N,上海千古情景区,0,1,0,0,source_needed,1
B001556QIY,上海市崇明岛八一路步行街,0,1,0,0,source_needed,1
B0FFFRM3VR,上海浦江之首,0,1,0,0,source_needed,1
B001575OGK,上海电影博物馆,0,1,0,0,source_needed,1
B00155LXIR,上海福泉山遗址,0,1,0,0,source_needed,1
B00152A03C,东安公园,0,1,0,0,source_needed,1
B00155N1CM,东海观音寺,0,1,0,0,source_needed,1
B0KUPSV9QC,东门吊桥,0,1,0,0,source_needed,1
B0KUFCZAKM,中央公园,0,0,1,0,source_needed,1
B0FFFPK5SR,临港滨河商业街,0,1,0,0,source_needed,1
B0015726WC,亲水花街,0,1,0,0,source_needed,1
B00155L7QD,佘山国家旅游度假区,0,1,0,0,source_needed,1
B0FFKZD323,健康广场,0,0,1,0,source_needed,1
B0FFGFW4NK,前滩休闲公园,0,1,0,0,source_needed,1
B00155L4R9,华城广场,0,0,1,0,source_needed,1
ZTRIP_SH_003,南京路步行街,0,1,0,0,source_needed,1
B001537295,南山古寺,0,1,0,0,source_needed,1
B00155KRBV,南苑公园,0,1,0,0,source_needed,1
B0JUVU7SAS,古城公园,0,0,1,0,source_needed,1
B0FFFEXYKM,吟风公园,0,1,0,0,source_needed,1
B00155LBNL,基督教堂,0,1,0,0,source_needed,1
B00155FLFD,多伦路文化名人街,0,1,0,0,source_needed,1
B0FFI9ZXCK,奇迹花园,0,1,0,0,source_needed,1
B0FFHLLIYL,奉浦四季生态园,0,1,0,0,source_needed,1
B001573FLW,宝隆古寺,0,1,0,0,source_needed,1
B0FFFPIMPD,富客斯豪布斯卡名品村,0,1,0,0,source_needed,1
B001571ES2,崇明新城公园,0,1,0,0,source_needed,1
B0FFH53OPK,庄行古镇(冷江雨巷),0,1,0,0,source_needed,1
B0FFL814VF,徐汇绿地缤纷城西区,0,1,0,0,source_needed,1
B00155IOAK,方塔园松江方塔,0,1,0,0,source_needed,1
B0GRD1KAIT,明月山塘,0,1,0,0,source_needed,1
B0FFHBU99V,栅桥公园,0,1,0,0,source_needed,1
B0FFGFC7X8,梅川路缤纷生活体验街,0,1,0,0,source_needed,1
B001520FBB,江浦公园,0,1,0,0,source_needed,1
B0FFK8GB84,江玮公园,0,1,0,0,source_needed,1
B0FFFRBK9R,泗泾古镇,0,1,0,0,source_needed,1
B0015080D4,泾南公园,0,1,0,0,source_needed,1
B00156ECD1,浦东金海湿地公园,0,1,0,0,source_needed,1
B0FFFRVKFF,浦锦绿地,0,1,0,0,source_needed,1
B0FFK2BH6A,海城隍庙,0,0,1,0,source_needed,1
B00155MF66,漕溪公园,0,1,0,0,source_needed,1
B0FFG8B2QY,留溪广场,0,1,0,0,source_needed,1
B0KAM78LEL,碳路者公园,0,1,0,0,source_needed,1
B0FFLLAS6K,罗店古镇,0,1,0,0,source_needed,1
B0FFF2V6XW,美兰湖景区,0,1,0,0,source_needed,1
B00155IOFN,老港公园,0,1,0,0,source_needed,1
B0FFF2XDEE,航头镇长达大型集中绿地,0,1,0,0,source_needed,1
B00155MRR6,莱阳市民广场,0,1,0,0,source_needed,1
B0FFFEAS30,菁英湖风情公园,0,1,0,0,source_needed,1
B00154BE37,虹桥健身休闲绿地,0,1,0,0,source_needed,1
B0FFF4WNST,金泽古镇,0,1,0,0,source_needed,1
B0FFGIPFBK,长寿禅寺,0,1,0,0,source_needed,1
B00155L3X0,陆家嘴中心绿地,0,1,0,0,source_needed,1
B0G0XMZ7SU,青浦光明荟,0,1,0,0,source_needed,1
B00155KKCG,静安雕塑公园,0,1,0,0,source_needed,1
B0KKFSQ544,高行历史文化公园,0,1,0,0,source_needed,1
B00154DCY0,黄兴公园,0,1,0,0,source_needed,1
B0FFI4WTYA,黄家花园,0,1,0,0,source_needed,1
B001557FQN,黎安公园,0,1,0,0,source_needed,1
